{
    "NDVI": {
        "Minimo": -0.14480486512184143,
        "Maximo": 1.0,
        "Media": 0.4887702440564723,
        "Desviacion_Estandar": 0.2653243031105803,
        "Percentil_25": 0.2512977421283722,
        "Mediana_50": 0.35600045323371887,
        "Percentil_75": 0.793813943862915
    },
    "NDRE": {
        "Minimo": -0.10775276273488998,
        "Maximo": 1.0,
        "Media": 0.1572476594722636,
        "Desviacion_Estandar": 0.06405265350859929,
        "Percentil_25": 0.1107558012008667,
        "Mediana_50": 0.13682103157043457,
        "Percentil_75": 0.19532476365566254
    },
    "SAVI": {
        "Minimo": -0.00864310353063047,
        "Maximo": 0.32269636541604996,
        "Media": 0.031093679658293627,
        "Desviacion_Estandar": 0.05810579013263551,
        "Percentil_25": 0.0,
        "Mediana_50": 0.0,
        "Percentil_75": 0.03793772798962891
    },
    "GNDVI": {
        "Minimo": -0.09887466579675674,
        "Maximo": 1.0,
        "Media": 0.5235548829442036,
        "Desviacion_Estandar": 0.1719189611018625,
        "Percentil_25": 0.3731321692466736,
        "Mediana_50": 0.45473968982696533,
        "Percentil_75": 0.6938562393188477
    },
    "VARI": {
        "Minimo": -0.3153668940067291,
        "Maximo": 1.0,
        "Media": 0.04909548817100266,
        "Desviacion_Estandar": 0.14932076902088795,
        "Percentil_25": -0.0660012736916542,
        "Mediana_50": -0.03505096584558487,
        "Percentil_75": 0.17689910531044006
    },
    "EXG": {
        "Minimo": -0.12531867623329163,
        "Maximo": 0.7045899033546448,
        "Media": 0.03688393533229828,
        "Desviacion_Estandar": 0.10158361494541168,
        "Percentil_25": 0.0,
        "Mediana_50": 0.0,
        "Percentil_75": 0.0
    },
    "GI": {
        "Minimo": 0.05168458819389343,
        "Maximo": 0.9278762340545654,
        "Media": 0.22675313587212165,
        "Desviacion_Estandar": 0.10374257329409886,
        "Percentil_25": 0.1822916865348816,
        "Mediana_50": 0.1822916865348816,
        "Percentil_75": 0.19581438104311627
    },
    "EVI": {
        "Minimo": -0.007345734047703445,
        "Maximo": 0.3022740036249161,
        "Media": 0.02735324075301274,
        "Desviacion_Estandar": 0.05187518181448427,
        "Percentil_25": 0.0,
        "Mediana_50": 0.0,
        "Percentil_75": 0.03238522680476308
    }
}