{
    "NDVI": {
        "Minimo": 0.5415315628051758,
        "Maximo": 0.9998279213905334,
        "Media": 0.8057976558404633,
        "Desviacion_Estandar": 0.09070764716712106,
        "Percentil_25": 0.7615524530410767,
        "Mediana_50": 0.830529510974884,
        "Percentil_75": 0.8728396892547607
    },
    "NDRE": {
        "Minimo": -0.0645264983177185,
        "Maximo": 0.8161581754684448,
        "Media": 0.20995484976683143,
        "Desviacion_Estandar": 0.06362232058798718,
        "Percentil_25": 0.16577130183577538,
        "Mediana_50": 0.20895957201719284,
        "Percentil_75": 0.25112468749284744
    },
    "SAVI": {
        "Minimo": 0.01088617485947907,
        "Maximo": 0.32269636541604996,
        "Media": 0.16222015587077437,
        "Desviacion_Estandar": 0.051499492265924006,
        "Percentil_25": 0.12689658254384995,
        "Mediana_50": 0.1674393229186535,
        "Percentil_75": 0.20067431777715683
    },
    "GNDVI": {
        "Minimo": 0.3915883004665375,
        "Maximo": 0.9634677171707153,
        "Media": 0.7227323143251905,
        "Desviacion_Estandar": 0.07699694877540926,
        "Percentil_25": 0.6695001423358917,
        "Mediana_50": 0.7295042276382446,
        "Percentil_75": 0.7816488146781921
    },
    "VARI": {
        "Minimo": -0.3153668940067291,
        "Maximo": 1.0,
        "Media": 0.21085360298714015,
        "Desviacion_Estandar": 0.11634114613200401,
        "Percentil_25": 0.1375981867313385,
        "Mediana_50": 0.2244013547897339,
        "Percentil_75": 0.29271100461483
    },
    "EXG": {
        "Minimo": -0.12531867623329163,
        "Maximo": 0.7045899033546448,
        "Media": 0.26045501232147217,
        "Desviacion_Estandar": 0.12146750837564468,
        "Percentil_25": 0.17893771082162857,
        "Mediana_50": 0.2635365128517151,
        "Percentil_75": 0.3460807651281357
    },
    "GI": {
        "Minimo": 0.10436204075813293,
        "Maximo": 0.9278762340545654,
        "Media": 0.4618976986789839,
        "Desviacion_Estandar": 0.10254538249707565,
        "Percentil_25": 0.4004447062810262,
        "Mediana_50": 0.46806979179382324,
        "Percentil_75": 0.5282329320907593
    },
    "EVI": {
        "Minimo": 0.009109657839871943,
        "Maximo": 0.3022740036249161,
        "Media": 0.14432914176052858,
        "Desviacion_Estandar": 0.047885756569308,
        "Percentil_25": 0.11088205501437187,
        "Mediana_50": 0.14834746718406677,
        "Percentil_75": 0.17987038008868694
    }
}