{
    "NDVI": {
        "Minimo": 0.5419865846633911,
        "Maximo": 0.9998279213905334,
        "Media": 0.8548745621431965,
        "Desviacion_Estandar": 0.05528588222949053,
        "Percentil_25": 0.8334068357944489,
        "Mediana_50": 0.8661971688270569,
        "Percentil_75": 0.890933483839035
    },
    "NDRE": {
        "Minimo": 0.01613670028746128,
        "Maximo": 0.7204239368438721,
        "Media": 0.2339689106881597,
        "Desviacion_Estandar": 0.05407907114490456,
        "Percentil_25": 0.19842645525932312,
        "Mediana_50": 0.23253076523542404,
        "Percentil_75": 0.2677423134446144
    },
    "SAVI": {
        "Minimo": 0.01088617485947907,
        "Maximo": 0.32269636541604996,
        "Media": 0.185297781778591,
        "Desviacion_Estandar": 0.044820074912734355,
        "Percentil_25": 0.1595517061650753,
        "Mediana_50": 0.1913222372531891,
        "Percentil_75": 0.21782944723963737
    },
    "GNDVI": {
        "Minimo": 0.3915883004665375,
        "Maximo": 0.9634677171707153,
        "Media": 0.7656897942829846,
        "Desviacion_Estandar": 0.05731240568950869,
        "Percentil_25": 0.7319260686635971,
        "Mediana_50": 0.7717527449131012,
        "Percentil_75": 0.8054633885622025
    },
    "VARI": {
        "Minimo": -0.10978078097105026,
        "Maximo": 1.0,
        "Media": 0.26734343165668506,
        "Desviacion_Estandar": 0.08999088603438979,
        "Percentil_25": 0.20958565175533295,
        "Mediana_50": 0.2709113657474518,
        "Percentil_75": 0.32837890088558197
    },
    "EXG": {
        "Minimo": -0.020108476281166077,
        "Maximo": 0.7045899033546448,
        "Media": 0.30718040466308594,
        "Desviacion_Estandar": 0.10499179363250732,
        "Percentil_25": 0.23358918726444244,
        "Mediana_50": 0.3045427203178406,
        "Percentil_75": 0.3818112164735794
    },
    "GI": {
        "Minimo": 0.18240235249201456,
        "Maximo": 0.9278762340545654,
        "Media": 0.5056852623610446,
        "Desviacion_Estandar": 0.08514719815166186,
        "Percentil_25": 0.4511580069859823,
        "Mediana_50": 0.5009395678838094,
        "Percentil_75": 0.5601761937141418
    },
    "EVI": {
        "Minimo": 0.009109657839871943,
        "Maximo": 0.3022740036249161,
        "Media": 0.1658012733269281,
        "Desviacion_Estandar": 0.04219942071608918,
        "Percentil_25": 0.14086628332734108,
        "Mediana_50": 0.17084185034036636,
        "Percentil_75": 0.19641363993287086
    }
}