{
    "NDVI": {
        "Minimo": 0.5416524410247803,
        "Maximo": 1.0,
        "Media": 0.8058668207564679,
        "Desviacion_Estandar": 0.09072825845227532,
        "Percentil_25": 0.7615829706192017,
        "Mediana_50": 0.8305532932281494,
        "Percentil_75": 0.872870683670044
    },
    "NDRE": {
        "Minimo": -0.0645264983177185,
        "Maximo": 1.0,
        "Media": 0.21003224633415185,
        "Desviacion_Estandar": 0.0639304799306536,
        "Percentil_25": 0.16578054428100586,
        "Mediana_50": 0.20896945893764496,
        "Percentil_75": 0.2511776089668274
    },
    "SAVI": {
        "Minimo": 0.0027789712767116725,
        "Maximo": 0.32269636541604996,
        "Media": 0.16221416160991878,
        "Desviacion_Estandar": 0.05150178106019761,
        "Percentil_25": 0.1268940009176731,
        "Mediana_50": 0.16743293032050133,
        "Percentil_75": 0.20067304372787476
    },
    "GNDVI": {
        "Minimo": 0.3915883004665375,
        "Maximo": 1.0,
        "Media": 0.722817258095287,
        "Desviacion_Estandar": 0.07708701543131746,
        "Percentil_25": 0.6695553064346313,
        "Mediana_50": 0.7295435070991516,
        "Percentil_75": 0.7817329168319702
    },
    "VARI": {
        "Minimo": -0.3153668940067291,
        "Maximo": 1.0,
        "Media": 0.21084405455020608,
        "Desviacion_Estandar": 0.11634213635420555,
        "Percentil_25": 0.1375887244939804,
        "Mediana_50": 0.22439537942409515,
        "Percentil_75": 0.2927035093307495
    },
    "EXG": {
        "Minimo": -0.12531867623329163,
        "Maximo": 0.7045899033546448,
        "Media": 0.2604382634162903,
        "Desviacion_Estandar": 0.12147819250822067,
        "Percentil_25": 0.17891716957092285,
        "Mediana_50": 0.26352837681770325,
        "Percentil_75": 0.3460712432861328
    },
    "GI": {
        "Minimo": 0.10436204075813293,
        "Maximo": 0.9278762340545654,
        "Media": 0.46189433446523237,
        "Desviacion_Estandar": 0.10254269742580346,
        "Percentil_25": 0.4004461367925008,
        "Mediana_50": 0.46806347370147705,
        "Percentil_75": 0.5282298723856608
    },
    "EVI": {
        "Minimo": 0.0023179565323516726,
        "Maximo": 0.3022740036249161,
        "Media": 0.144323490841891,
        "Desviacion_Estandar": 0.047887555639994056,
        "Percentil_25": 0.11088063009083271,
        "Mediana_50": 0.1483435183763504,
        "Percentil_75": 0.1798667386174202
    }
}