{
    "NDVI": {
        "Minimo": 0.4521391689777374,
        "Maximo": 0.9191679358482361,
        "Media": 0.6220915877428803,
        "Desviacion_Estandar": 0.06979282996485202,
        "Percentil_25": 0.5764318704605103,
        "Mediana_50": 0.627673327922821,
        "Percentil_75": 0.6726598143577576
    },
    "NDRE": {
        "Minimo": -0.44822943210601807,
        "Maximo": 0.0645264983177185,
        "Media": -0.20575771722103453,
        "Desviacion_Estandar": 0.05857978305159109,
        "Percentil_25": -0.2464211881160736,
        "Mediana_50": -0.2063991278409958,
        "Percentil_75": -0.16430287063121796
    },
    "SAVI": {
        "Minimo": 0.035510298795998096,
        "Maximo": 0.20493082702159882,
        "Media": 0.09973191614957537,
        "Desviacion_Estandar": 0.026992870197984138,
        "Percentil_25": 0.08007274568080902,
        "Mediana_50": 0.10071839019656181,
        "Percentil_75": 0.11973895132541656
    },
    "GNDVI": {
        "Minimo": 0.21391411125659943,
        "Maximo": 0.9995775818824768,
        "Media": 0.7440486023378317,
        "Desviacion_Estandar": 0.09492686013479781,
        "Percentil_25": 0.7025293707847595,
        "Mediana_50": 0.7689746022224426,
        "Percentil_75": 0.81015545129776
    },
    "VARI": {
        "Minimo": -0.3153668940067291,
        "Maximo": 0.7503722906112671,
        "Media": 0.22399778388454158,
        "Desviacion_Estandar": 0.10937725396291585,
        "Percentil_25": 0.1573401540517807,
        "Mediana_50": 0.23485994338989258,
        "Percentil_75": 0.29911738634109497
    },
    "EXG": {
        "Minimo": -0.12531867623329163,
        "Maximo": 0.7045899033546448,
        "Media": 0.27389925718307495,
        "Desviacion_Estandar": 0.11533808708190918,
        "Percentil_25": 0.19706547260284424,
        "Mediana_50": 0.27491506934165955,
        "Percentil_75": 0.35456758737564087
    },
    "GI": {
        "Minimo": 0.10436204075813293,
        "Maximo": 0.9278762340545654,
        "Media": 0.47242224874920985,
        "Desviacion_Estandar": 0.09832268108178852,
        "Percentil_25": 0.4154927730560303,
        "Mediana_50": 0.4763455390930176,
        "Percentil_75": 0.5351075728734335
    }
}